Samsung,"Samsung WB1100F 16.2MP CCD Smart WiFi &amp; NFC Digital Camera with 35x Optical Zoom, 3.0&#034; LCD and 720p HD Video (Red) (Certified Refurbished)",20151026,B00P08LJ20,2,0,1,"on October 26, 2015",ANONYMOUS,Get a new WB350 for nearly the same price.,"Wifi connection not a good as the WB250 OR WB 350, will not direct link with the computer but does great job linking to my I-phone to use as a remote shutter release.  I wore out my WB250 over 2 years of constant use, however I do not think this WB1100 is going to outlast the WB250.  I started getting flash and white out on the display screen, the WB1100 is starting to show a similar screen white out and I've only had it for 2 months.  I have a feeling that the unit which was reconditioned and certified by olympus was not fully certified.<br />  I have not notified the company that sold the unit, I don't think it is their fault however I wish I had spent $30.00 more to get the WB350 OR WB360 model, My wife has the WB350 and it is great.  I wanted the long some on the WB1100."
Samsung,"Samsung WB1100F 16.2MP CCD Smart WiFi &amp; NFC Digital Camera with 35x Optical Zoom, 3.0&#034; LCD and 720p HD Video (Red) (Certified Refurbished)",20151021,B00P08LJ20,5,0,0,"on October 21, 2015",ANONYMOUS,Sweet camera...no battery compartment!,Took this camera to Israel with me this month. It takes great pics and was very easy to use. It also has a solid feel which I enjoyed. My only concern was that it has no battery compartment/option. That was my fault though for not checking prior to purchasing this model. It kept dying on me...fortunately I had a portable battery charger with me!
Samsung,"Samsung WB1100F 16.2MP CCD Smart WiFi &amp; NFC Digital Camera with 35x Optical Zoom, 3.0&#034; LCD and 720p HD Video (Red) (Certified Refurbished)",20151021,B00P08LJ20,5,0,0,"on October 21, 2015",ANONYMOUS,More than what I expected.,Love it! Definitely worth the money.
Samsung,"Samsung WB1100F 16.2MP CCD Smart WiFi &amp; NFC Digital Camera with 35x Optical Zoom, 3.0&#034; LCD and 720p HD Video (Red) (Certified Refurbished)",20151021,B00P08LJ20,4,0,0,"on October 21, 2015",ANONYMOUS,Good beginner's/low tech camera,"This is a good, practical camera for those just starting out in photography or persons who don't need anyrhung too high tech. It takes good, clear pictures both at night and in the daytime. It really helps if you know what modes to select based on your environment and if you know about white balance, aperture etc. However, the auto mode works fairly well if you don't know about all of that. The best feature of this camera in my opinion is the lens. The zoom is great. Usually when you take zoomed in pictures, they tend to be of low quality, highlt pixelated and distorted but this rarely happens with this camera. It is good for wildlife photography, especially if you are photographing a particularly fidgety subject as it has a sport settung which is good for capturing fast moving things. Like I said, this is a good starter camera and great for practical learning."
Samsung,"Samsung WB1100F 16.2MP CCD Smart WiFi &amp; NFC Digital Camera with 35x Optical Zoom, 3.0&#034; LCD and 720p HD Video (Red) (Certified Refurbished)",20151019,B00P08LJ20,4,1,1,"on October 19, 2015",ANONYMOUS,Works great! Setup was easy too,Works great!  Setup was easy too.
Samsung,"Samsung WB1100F 16.2MP CCD Smart WiFi &amp; NFC Digital Camera with 35x Optical Zoom, 3.0&#034; LCD and 720p HD Video (Red) (Certified Refurbished)",20151015,B00P08LJ20,2,0,0,"on October 15, 2015",ANONYMOUS,Two Stars,"Disappointed in the night shots, and sunsets"
Samsung,"Samsung WB1100F 16.2MP CCD Smart WiFi &amp; NFC Digital Camera with 35x Optical Zoom, 3.0&#034; LCD and 720p HD Video (Red) (Certified Refurbished)",20151013,B00P08LJ20,4,0,0,"on October 13, 2015",ANONYMOUS,Very pleased,I am extremely happy with this camera. I love everything about the photos it takes!<br /><br />I gave you four stars because of the delay between shots. Only downside to this camera!
Samsung,"Samsung WB1100F 16.2MP CCD Smart WiFi &amp; NFC Digital Camera with 35x Optical Zoom, 3.0&#034; LCD and 720p HD Video (Red) (Certified Refurbished)",20151008,B00P08LJ20,4,0,0,"on October 8, 2015",ANONYMOUS,Good starter DSLR,"I bought this camera for my mom's birthday. She's always wanted a good DSLR camera, and this one didn't disappoint. It takes great photos with plenty of natural light displayed in the photos. The processing is spot on, both mechanical and digital. She hasn't really used it during the evening, but she has used her flash and it's fantastic. A little bright at times but it's a flash, so what are ya gonna do?<br /><br />The only problem with this camera is the battery. Each time the camera's done charging the camera won't turn on. I have to take out the battery and reinsert it so the camera would at least power on. It's done this since first boot. The battery life isn't that good either. It says that you can take like 400 photos before the camera turns off. She's experienced like 150 to 200 photos before it turns off. There was also no setup process. I don't know if that's an issue or not, but my mom thought there was something wrong with it when she noticed.<br /><br />But with all that aside, it's a good camera if you're just starting out in the DSLR game. I'd recommend this to anyone looking for a decent camera that's not too expensive but still takes great photos."
Samsung,"Samsung WB1100F 16.2MP CCD Smart WiFi &amp; NFC Digital Camera with 35x Optical Zoom, 3.0&#034; LCD and 720p HD Video (Red) (Certified Refurbished)",20151005,B00P08LJ20,5,0,0,"on October 5, 2015",ANONYMOUS,A++++++ Great easy to use with great zoom,A++++++<br />Great easy to use with great zoom. EZ mode or set it yourself. Wifi to FB or other.
Samsung,"Samsung WB1100F 16.2MP CCD Smart WiFi &amp; NFC Digital Camera with 35x Optical Zoom, 3.0&#034; LCD and 720p HD Video (Red) (Certified Refurbished)",20151002,B00P08LJ20,5,0,0,"on October 2, 2015",ANONYMOUS,Five Stars,Como I liked it
Samsung,"Samsung WB1100F 16.2MP CCD Smart WiFi &amp; NFC Digital Camera with 35x Optical Zoom, 3.0&#034; LCD and 720p HD Video (Red) (Certified Refurbished)",20150305,B00P08LJ20,5,27,29,"on March 5, 2015",ANONYMOUS,I love it use it all the time no problems,My husband bought this camera for me. I love it use it all the time no problems. I live the moon and with this camera I can bring  the moon to me with every indentations on it.
Samsung,"Samsung WB1100F 16.2MP CCD Smart WiFi &amp; NFC Digital Camera with 35x Optical Zoom, 3.0&#034; LCD and 720p HD Video (Red) (Certified Refurbished)",20150117,B00P08LJ20,5,10,11,"on January 17, 2015",ANONYMOUS,Good Digital Camera for this price range,Got this for my daughter as she wanted a good digital camera. Has a lot features and very easy to use even without the manual. Took me like two minutes and I showing her how to use different features. She did have a small complaint about the speed of the camera but said is wasn't that big of a deal.
Samsung,"Samsung WB1100F 16.2MP CCD Smart WiFi &amp; NFC Digital Camera with 35x Optical Zoom, 3.0&#034; LCD and 720p HD Video (Red) (Certified Refurbished)",20150110,B00P08LJ20,1,3,5,"on January 10, 2015",ANONYMOUS,It does not work properly. Problems with the last ...,It does not work properly . Problems with the last firmware. Does not get connection with wifi
Samsung,"Samsung WB1100F 16.2MP CCD Smart WiFi &amp; NFC Digital Camera with 35x Optical Zoom, 3.0&#034; LCD and 720p HD Video (Red) (Certified Refurbished)",20150104,B00P08LJ20,2,3,5,"on January 4, 2015",ANONYMOUS,would look for a different camera.....would not recommend this one,"I was very disappointed with this camera. I bought this camera because my son was graduating from Marine Corp boot camp.  Every picture taken has a pink strip at top of every one......even with cropping or enlarging. Those once in a lifetime picures.....ruined!!!  I even researched this camera extensively before buying, with no mentiin of pink strip in pictures."
Samsung,"Samsung WB1100F 16.2MP CCD Smart WiFi &amp; NFC Digital Camera with 35x Optical Zoom, 3.0&#034; LCD and 720p HD Video (Red) (Certified Refurbished)",20150104,B00P08LJ20,3,18,20,"on January 4, 2015",ANONYMOUS,Nothin' to write home about,"The camera is attractive ...pretty color...and the picture quality is okay...but nothing to write home about. I thought it would take better pictures than my phone but they are comparable. I have a Samsung Galaxy 4 and I was excited to be able to bump my phone and camera and exchange the pics but this feature does not work for my phone and camera combination which is super disappointing since my phone was made to do this. Another thing, I have yet to be able to share my pics directly to social media from the camera. I have to email from home where I know the password to get on the internet or take the card out of the camera and put it in my phone.....small but clear inconvenience especially since I bought the camera to be able to use that particular feature. Lastly, the camera did not come with a manual....would be nice to read about and learn how to use all the features of the camera without just trial and error."
Samsung,"Samsung WB1100F 16.2MP CCD Smart WiFi &amp; NFC Digital Camera with 35x Optical Zoom, 3.0&#034; LCD and 720p HD Video (Red) (Certified Refurbished)",20150104,B00P08LJ20,5,4,4,"on January 4, 2015",ANONYMOUS,Five Stars,Excellent product. As expected from Samsung.
Samsung,"Samsung WB1100F 16.2MP CCD Smart WiFi &amp; NFC Digital Camera with 35x Optical Zoom, 3.0&#034; LCD and 720p HD Video (Red) (Certified Refurbished)",20150103,B00P08LJ20,5,0,1,"on January 3, 2015",ANONYMOUS,great camera,Nice camera. Very satisfied with purchase
Samsung,"Samsung WB1100F 16.2MP CCD Smart WiFi &amp; NFC Digital Camera with 35x Optical Zoom, 3.0&#034; LCD and 720p HD Video (Red) (Certified Refurbished)",20150102,B00P08LJ20,4,0,1,"on January 2, 2015",ANONYMOUS,Great camera,Bought this for my 12-year old son for Christmas. He loves it! It is a great size for him and I know that he will use it for many years to come
Samsung,"Samsung WB1100F 16.2MP CCD Smart WiFi &amp; NFC Digital Camera with 35x Optical Zoom, 3.0&#034; LCD and 720p HD Video (Red)",20151018,B00HV6KIA8,5,0,0,"on October 18, 2015",ANONYMOUS,Five Stars,Great camera and easy to use
Samsung,"Samsung WB1100F 16.2MP CCD Smart WiFi &amp; NFC Digital Camera with 35x Optical Zoom, 3.0&#034; LCD and 720p HD Video (Red)",20151018,B00HV6KIA8,5,0,0,"on October 18, 2015",ANONYMOUS,We do really like our camera,We do really like our camera.  We took it on vacation and so far have had very good results.  We just need to learn how to use all of the different setting.  We went on a cruise and took pictures of the beautiful water.  They came out very good!
Samsung,"Samsung WB1100F 16.2MP CCD Smart WiFi &amp; NFC Digital Camera with 35x Optical Zoom, 3.0&#034; LCD and 720p HD Video (Red)",20151013,B00HV6KIA8,4,0,0,"on October 13, 2015",ANONYMOUS,I love my new camera,"I love my new camera, it zooms in for far shots and the color quality is good, my only issue with it is that I can't seem to get the feature of sending directly to my phone to function. I don't know if I am missing something but I don't have that functionality. but other than that it is great."
Samsung,"Samsung WB1100F 16.2MP CCD Smart WiFi &amp; NFC Digital Camera with 35x Optical Zoom, 3.0&#034; LCD and 720p HD Video (Red)",20151012,B00HV6KIA8,5,0,0,"on October 12, 2015",ANONYMOUS,Nice product,Nice product
Samsung,"Samsung WB1100F 16.2MP CCD Smart WiFi &amp; NFC Digital Camera with 35x Optical Zoom, 3.0&#034; LCD and 720p HD Video (Red)",20151011,B00HV6KIA8,5,0,0,"on October 11, 2015",ANONYMOUS,Five Stars,Love this
Samsung,"Samsung WB1100F 16.2MP CCD Smart WiFi &amp; NFC Digital Camera with 35x Optical Zoom, 3.0&#034; LCD and 720p HD Video (Red)",20150926,B00HV6KIA8,1,0,0,"on September 26, 2015",ANONYMOUS,Really disappointed,"I bought this camera after reading that it had decent reviews and was really surprised to find that my iPhone takes better quality pictures then this camera. I just got back from Europe and used my cell phone more so then the camera. The use of the flash is awful. It does nothing to help with lighting. If anything the pictures are clearer and lighter without the use of the flash. Overall, extremely disappointed with this purchase and I am going to request a refund."
Samsung,"Samsung WB1100F 16.2MP CCD Smart WiFi &amp; NFC Digital Camera with 35x Optical Zoom, 3.0&#034; LCD and 720p HD Video (Red)",20150923,B00HV6KIA8,3,0,1,"on September 23, 2015",ANONYMOUS,Camera appears good but there is no instruction book with it,Camera appears good but there is no instruction book with it. I have contacted the seller twice to ask for the book that is supposed to be included with the camera. I am still waiting after over 7 weeks with the camera.
Samsung,"Samsung WB1100F 16.2MP CCD Smart WiFi &amp; NFC Digital Camera with 35x Optical Zoom, 3.0&#034; LCD and 720p HD Video (Red)",20150923,B00HV6KIA8,5,0,0,"on September 23, 2015",ANONYMOUS,I love this camera,"I love this camera. Takes great pictures, not too heavy around my neck(comes with shoulder/neck strap). Only drawback is that it takes a few seconds after taking a picture for you to take another shot."
Samsung,"Samsung WB1100F 16.2MP CCD Smart WiFi &amp; NFC Digital Camera with 35x Optical Zoom, 3.0&#034; LCD and 720p HD Video (Red)",20150922,B00HV6KIA8,1,0,2,"on September 22, 2015",ANONYMOUS,One Star,Horrible camera! My cell phone takes better pics!
Samsung,"Samsung WB1100F 16.2MP CCD Smart WiFi &amp; NFC Digital Camera with 35x Optical Zoom, 3.0&#034; LCD and 720p HD Video (Red)",20150921,B00HV6KIA8,1,0,3,"on September 21, 2015",ANONYMOUS,however I am quite certain it is the perfect camera for extra level,"Camera unfortunately did not perform the way I had hoped, however I am quite certain it is the perfect camera for extra level, child, teenager or a good camera to take on vacation that is not bulky when traveling around the world.  I think I would buy this for my grandchildren as they now old enough to use a camera of their own and learn the art of photography"
Samsung,"Samsung WB1100F 16.2MP CCD Smart WiFi &amp; NFC Digital Camera with 35x Optical Zoom, 3.0&#034; LCD and 720p HD Video (Red)",20150603,B00HV6KIA8,3,1,2,"on June 3, 2015",ANONYMOUS,Its not bad,Pictures look blurry  but everything  alse is good
Samsung,"Samsung WB1100F 16.2MP CCD Smart WiFi &amp; NFC Digital Camera with 35x Optical Zoom, 3.0&#034; LCD and 720p HD Video (Red)",20150602,B00HV6KIA8,1,0,3,"on June 2, 2015",ANONYMOUS,Not a good buy.,"I received the camera, but the lens cap strap was missing the ac/USB adapter and users guide were all missing. Very disappointed."
Samsung,"Samsung WB1100F 16.2MP CCD Smart WiFi &amp; NFC Digital Camera with 35x Optical Zoom, 3.0&#034; LCD and 720p HD Video (Red)",20150601,B00HV6KIA8,5,1,1,"on June 1, 2015",ANONYMOUS,Love!!,"I'm an amateur photographer and this is a great starter camera.  I love that I can take pictures and then transfer them to my Samsung phone with the wifi connection.  I have used the email and facebook connection a few times but I'm more into instagram so I just download the pictures to my camera and then upload from my camera.  The zoom capabilities are fantastic. If you're looking for a good starter camera, I would recommend this one"
Samsung,"Samsung WB1100F 16.2MP CCD Smart WiFi &amp; NFC Digital Camera with 35x Optical Zoom, 3.0&#034; LCD and 720p HD Video (Red)",20150529,B00HV6KIA8,5,1,1,"on May 29, 2015",ANONYMOUS,It's a good one! Easy to use,I bought this camera for my wife. It's a good one! Easy to use!!!
Samsung,"Samsung WB1100F 16.2MP CCD Smart WiFi &amp; NFC Digital Camera with 35x Optical Zoom, 3.0&#034; LCD and 720p HD Video (Red)",20150523,B00HV6KIA8,3,1,1,"on May 23, 2015",ANONYMOUS,Three Stars,"Great pictures, no instructions. Learning as I go."
Samsung,"Samsung WB1100F 16.2MP CCD Smart WiFi &amp; NFC Digital Camera with 35x Optical Zoom, 3.0&#034; LCD and 720p HD Video (Red)",20150522,B00HV6KIA8,4,2,2,"on May 22, 2015",ANONYMOUS,Great quality photos for the price of the camera,Great camera for the price! The photos are pretty amazing and I love that you can just download an app to your phone and transfer your photos from the camera onto your phone! Quality of pictures are gorgeous for the price you pay for this camera!
Samsung,"Samsung WB1100F 16.2MP CCD Smart WiFi &amp; NFC Digital Camera with 35x Optical Zoom, 3.0&#034; LCD and 720p HD Video (Red)",20150522,B00HV6KIA8,4,5,5,"on May 22, 2015",ANONYMOUS,Other than that I like it.,I wish the instructions had words in them. Other than that I like it. Went to try it out at the zoo. Nice pictures. Pleased with the quality of the pictures.
Samsung,"Samsung WB1100F 16.2MP CCD Smart WiFi &amp; NFC Digital Camera with 35x Optical Zoom, 3.0&#034; LCD and 720p HD Video (Red)",20150522,B00HV6KIA8,5,2,3,"on May 22, 2015",ANONYMOUS,Samsung WB1100F,"This is the best camera I have ever bought and I've bought a lot of camera's before, camera's that cost way more than this one! But none of them took amazing pictures right out the box or really ever!  The features you get with this Samsung WB-1100F will blow you away, you will not regret buying it, and if you have a cellphone that has the NFC antenna built in, you get even more feature's! I've owned this camera for a little over a year and every picture and video comes out perfect, and you don't have to be an expert, even if this is your very first camera, you will have no problems setting it up and taking amazing pictures and video's!! There's nothing worse than getting that one in a lifetime photo and realizing you didn't get it or it doesn't look right, with this Smart Camera you don't have to worry, definitely read the owner's manual It will provide you with some great advice!"
Samsung,"Samsung WB1100F 16.2MP CCD Smart WiFi &amp; NFC Digital Camera with 35x Optical Zoom, 3.0&#034; LCD and 720p HD Video (Red)",20150521,B00HV6KIA8,5,0,0,"on May 21, 2015",ANONYMOUS,Five Stars,excellent
Samsung,"Samsung WB1100F 16.2MP CCD Smart WiFi &amp; NFC Digital Camera with 35x Optical Zoom, 3.0&#034; LCD and 720p HD Video (Red)",20150521,B00HV6KIA8,5,0,0,"on May 21, 2015",ANONYMOUS,Five Stars,excellent battery life and price and loaded with functions. recommended.
Samsung,"Samsung WB1100F 16.2MP CCD Smart WiFi &amp; NFC Digital Camera with 35x Optical Zoom, 3.0&#034; LCD and 720p HD Video (Red)",20150630,B00HV6KIA8,5,0,0,"on June 30, 2015",ANONYMOUS,Absolutely am in love with this camera,Absolutely am in love with this camera!!! Able to start taking picture's and share them through our Samsung phones!!!Love love love!!!!Happy happy happy!!!!
Samsung,"Samsung WB1100F 16.2MP CCD Smart WiFi &amp; NFC Digital Camera with 35x Optical Zoom, 3.0&#034; LCD and 720p HD Video (Red)",20150630,B00HV6KIA8,1,1,4,"on June 30, 2015",ANONYMOUS,Had to return,I was disappointed with the camera.  It was too complicated for me.  I took several pictures at an event and when I went to print them most of them were not on the memory card.  I did not like the quality of the pictures after printed.  I could not find the manual on line as indicated in the quick start guide that came with the camera. I returned the camera.
Samsung,"Samsung WB1100F 16.2MP CCD Smart WiFi &amp; NFC Digital Camera with 35x Optical Zoom, 3.0&#034; LCD and 720p HD Video (Red)",20150625,B00HV6KIA8,2,0,0,"on June 25, 2015",ANONYMOUS,we wanted a good point and shoot camera,"I've never written an amazon review, but feel inclined to on this. We purchased this based on reviews both on amazon and tech sites. With a new baby, we wanted a good point and shoot camera. So far, we are completely disappointed with this camera. The pictures look terrible in my opinion. The auto and pre-setting modes are not good and seem to take poor pics. There is quite a delay in snapping the picture. Just a no good purchase. I am hoping I can return it as it is $200 wasted. My iPhone 4s takes better pics and that's pretty sad."
Samsung,"Samsung WB1100F 16.2MP CCD Smart WiFi &amp; NFC Digital Camera with 35x Optical Zoom, 3.0&#034; LCD and 720p HD Video (Red)",20150623,B00HV6KIA8,4,0,0,"on June 23, 2015",ANONYMOUS,Four Stars,Functions well enough for the price
Samsung,"Samsung WB1100F 16.2MP CCD Smart WiFi &amp; NFC Digital Camera with 35x Optical Zoom, 3.0&#034; LCD and 720p HD Video (Red)",20150620,B00HV6KIA8,2,0,0,"on June 20, 2015",ANONYMOUS,App is broke check the App Store before you buy it.,"Good camera, but they messed up the iPad app and do not seem to care about fixing it. If you have an iPad or iPhone do not expect the smart camera to work."
Samsung,"Samsung WB1100F 16.2MP CCD Smart WiFi &amp; NFC Digital Camera with 35x Optical Zoom, 3.0&#034; LCD and 720p HD Video (Red)",20150619,B00HV6KIA8,5,0,0,"on June 19, 2015",ANONYMOUS,A great idea for an inexpensive great camera.,"Since the moment I opened the box inspected and setup this camera I felt I made a great decision to purchase the Samsung WB1100F, I own many Samsung products and this camera is a fantastic addition to my devices.  The camera is equipped with Wi-Fi and NFC , so if you own a Samsung Galaxy phone or tablet you will be amazed as I am with this cameras capabilities. This camera has s many options that are easy to use even for the novice to take great pictures, yes there's better cameras out there but for the price you are going to have a hard time finding one. I recently purchased extra batteries and the portable charger so the Samsung WB1100F will always be ready for perfect pictures every time you need it."
Samsung,"Samsung WB1100F 16.2MP CCD Smart WiFi &amp; NFC Digital Camera with 35x Optical Zoom, 3.0&#034; LCD and 720p HD Video (Red)",20150619,B00HV6KIA8,4,0,0,"on June 19, 2015",ANONYMOUS,Four Stars,Great camera! Easy to use
Samsung,"Samsung WB1100F 16.2MP CCD Smart WiFi &amp; NFC Digital Camera with 35x Optical Zoom, 3.0&#034; LCD and 720p HD Video (Red)",20150615,B00HV6KIA8,2,0,0,"on June 15, 2015",ANONYMOUS,Much more complicated than I ever imagined. Returned,received with broken dial knob which controls settings.
Samsung,"Samsung WB1100F 16.2MP CCD Smart WiFi &amp; NFC Digital Camera with 35x Optical Zoom, 3.0&#034; LCD and 720p HD Video (Red)",20150611,B00HV6KIA8,4,1,1,"on June 11, 2015",ANONYMOUS,Nice features for a light weight low cost camera.,I have taken some nice pictures with this but I'm disappointed it isn't a little better.  I recommend a tripod for long range pictures or some place to steady the camera.  However I have taken some nice clear shots from quite a distance just sitting it on a fence.  Nice light weight and Its very easy to transfer photos from the camera to FACEBOOK or emails or to my smart phone.  A very nice feature.
Samsung,"Samsung WB1100F 16.2MP CCD Smart WiFi &amp; NFC Digital Camera with 35x Optical Zoom, 3.0&#034; LCD and 720p HD Video (Red)",20150609,B00HV6KIA8,1,0,4,"on June 9, 2015",ANONYMOUS,One Star,bad
Samsung,"Samsung WB1100F 16.2MP CCD Smart WiFi &amp; NFC Digital Camera with 35x Optical Zoom, 3.0&#034; LCD and 720p HD Video (Red)",20150425,B00HV6KIA8,4,0,0,"on April 25, 2015",ANONYMOUS,samsung digital camera,"Great camera, works as expected. I would recommend this camera to anyone."
Samsung,"Samsung WB1100F 16.2MP CCD Smart WiFi &amp; NFC Digital Camera with 35x Optical Zoom, 3.0&#034; LCD and 720p HD Video (Red)",20150424,B00HV6KIA8,5,0,0,"on April 24, 2015",ANONYMOUS,Five Stars,"The picture quality is great! I'm extremely satisfied with the ease of functionality, and stylish look if this camera."
Samsung,"Samsung WB1100F 16.2MP CCD Smart WiFi &amp; NFC Digital Camera with 35x Optical Zoom, 3.0&#034; LCD and 720p HD Video (Red)",20150423,B00HV6KIA8,4,0,0,"on April 23, 2015",ANONYMOUS,Four Stars,Wireless connection is buggy at best.<br />Great camera otherwise.
Samsung,"Samsung WB1100F 16.2MP CCD Smart WiFi &amp; NFC Digital Camera with 35x Optical Zoom, 3.0&#034; LCD and 720p HD Video (Red)",20150423,B00HV6KIA8,5,0,0,"on April 23, 2015",ANONYMOUS,Five Stars,It was great! I love it
Samsung,"Samsung WB1100F 16.2MP CCD Smart WiFi &amp; NFC Digital Camera with 35x Optical Zoom, 3.0&#034; LCD and 720p HD Video (Red)",20150423,B00HV6KIA8,5,0,0,"on April 23, 2015",ANONYMOUS,Five Stars,love it - wifi is pretty cool too
Samsung,"Samsung WB1100F 16.2MP CCD Smart WiFi &amp; NFC Digital Camera with 35x Optical Zoom, 3.0&#034; LCD and 720p HD Video (Red)",20150422,B00HV6KIA8,5,0,0,"on April 22, 2015",ANONYMOUS,I love it. I was looking for a new,I love it.  I was looking for a new camera
Samsung,"Samsung WB1100F 16.2MP CCD Smart WiFi &amp; NFC Digital Camera with 35x Optical Zoom, 3.0&#034; LCD and 720p HD Video (Red)",20150419,B00HV6KIA8,5,0,1,"on April 19, 2015",ANONYMOUS,Five Stars,Great camera
Samsung,"Samsung WB1100F 16.2MP CCD Smart WiFi &amp; NFC Digital Camera with 35x Optical Zoom, 3.0&#034; LCD and 720p HD Video (Red)",20150418,B00HV6KIA8,2,1,1,"on April 18, 2015",ANONYMOUS,This camera is not that great. Even using a tripod it takes blurry pictures ...,This camera is not that great. Even using a tripod it takes blurry pictures sometimes. It's not that easy to figure out either since it comes with no manual and you have to download it if you want it. By the way it's about 170 pages.
Samsung,"Samsung WB1100F 16.2MP CCD Smart WiFi &amp; NFC Digital Camera with 35x Optical Zoom, 3.0&#034; LCD and 720p HD Video (Red)",20150417,B00HV6KIA8,4,0,1,"on April 17, 2015",ANONYMOUS,Four Stars,Nice camera
Samsung,"Samsung WB1100F 16.2MP CCD Smart WiFi &amp; NFC Digital Camera with 35x Optical Zoom, 3.0&#034; LCD and 720p HD Video (Red)",20150414,B00HV6KIA8,5,2,3,"on April 14, 2015",ANONYMOUS,BEST CAMERA EVER,"LOVE this camera. Sometimes I don't get a chance to d download pictures so all I have to do is email them to myself and their I have it I've got them Was unsure at first, but I am so glad I got it.."
Samsung,Samsung NX3000 Wireless Smart 20.3MP Mirrorless Digital Camera with 16-50mm OIS Power Zoom Lens and Flash (Black),20151101,B00K88XMI6,5,0,0,"on November 1, 2015",ANONYMOUS,Five Stars,"Great camera with lots of neat features, would buy again."
Samsung,Samsung NX3000 Wireless Smart 20.3MP Mirrorless Digital Camera with 16-50mm OIS Power Zoom Lens and Flash (Black),20151028,B00K88XMI6,3,0,0,"on October 28, 2015",ANONYMOUS,A bit of a disappointment - I should have spent more MONEY on a better camera.,"Disappointed. Pretty good camera, easy to use. Images are not great."
Samsung,Samsung NX3000 Wireless Smart 20.3MP Mirrorless Digital Camera with 16-50mm OIS Power Zoom Lens and Flash (Black),20151017,B00K88XMI6,4,0,0,"on October 17, 2015",ANONYMOUS,Four Stars,Great camera for the beginner
Samsung,Samsung NX3000 Wireless Smart 20.3MP Mirrorless Digital Camera with 16-50mm OIS Power Zoom Lens and Flash (Black),20150929,B00K88XMI6,5,0,0,"on September 29, 2015",ANONYMOUS,I love this camera,I love this camera.  It takes awesome photos and is very easy to use.  I would recommend this to friends and family.
Samsung,Samsung NX3000 Wireless Smart 20.3MP Mirrorless Digital Camera with 16-50mm OIS Power Zoom Lens and Flash (Black),20150924,B00K88XMI6,5,0,0,"on September 24, 2015",ANONYMOUS,Five Stars,Love my new camera! :)
Samsung,Samsung NX3000 Wireless Smart 20.3MP Mirrorless Digital Camera with 16-50mm OIS Power Zoom Lens and Flash (Black),20150922,B00K88XMI6,5,1,1,"on September 22, 2015",ANONYMOUS,Love it! 5 Stars:),"5 Stars!!!!!!! I absolutely Love this camera already! If you're thinking about purchasing, just go ahead and do so! I love everything about it.... The photos are super clear, the camera itself is so cute, I got it in white! Just purchased it on Saturday and I've been playing around with it and haven't put it down since it arrived on today:) Must buy!"
Samsung,Samsung NX3000 Wireless Smart 20.3MP Mirrorless Digital Camera with 16-50mm OIS Power Zoom Lens and Flash (Black),20150917,B00K88XMI6,4,0,0,"on September 17, 2015",ANONYMOUS,"I love it, the quality is amazing","I listened to one of the other reviewers comment that said don't over think it. I love it, the quality is amazing, I don't vlog but I am sure this would be perfect for that too. the only thing that made it loose 1 star is that you are not able to use the flash with the front facing screen. Whats up with that samsung?"
Samsung,Samsung NX3000 Wireless Smart 20.3MP Mirrorless Digital Camera with 16-50mm OIS Power Zoom Lens and Flash (Black),20150912,B00K88XMI6,5,0,0,"on September 12, 2015",ANONYMOUS,5 Star ahead of the pack,"Perfect camera a t any level, no mirror means NO DUST hence clear, crisp, detailed prints and images."
Samsung,Samsung NX3000 Wireless Smart 20.3MP Mirrorless Digital Camera with 16-50mm OIS Power Zoom Lens and Flash (Black),20150911,B00K88XMI6,1,0,1,"on September 11, 2015",ANONYMOUS,Not anything like the solid sony products I am used to,They sent the international version with European style charger. Camera is sort of flimsy. Not anything like the solid sony products I am used to.
Samsung,Samsung NX3000 Wireless Smart 20.3MP Mirrorless Digital Camera with 16-50mm OIS Power Zoom Lens and Flash (Black),20150909,B00K88XMI6,5,0,0,"on September 9, 2015",ANONYMOUS,great camera! love Samsung products,"great camera!  love Samsung products.  easy to use, takes excellent pictures, don't have multiple lenses, which would be nice, but one day maybe . . . awesome camera tho"
Samsung,Samsung NX3000 Wireless Smart 20.3MP Mirrorless Digital Camera with 16-50mm OIS Power Zoom Lens and Flash (Black),20140629,B00K88XMI6,2,8,67,"on June 29, 2014",ANONYMOUS,not good at all,not good is loud and not good quality also the zoom is bad wasting of the money ....allot better stuff for this much
Samsung,Samsung NX3000 Wireless Smart 20.3MP Mirrorless Digital Camera with 16-50mm OIS Power Zoom Lens and Flash (Black),20140621,B00K88XMI6,5,30,45,"on June 21, 2014",ANONYMOUS,Such an Amazing Camera. Let me tell you why.,"I have dealt with many cameras during my lifetime. Either doing professional photos or fun personal pictures, I know what I'm dealing with. With the Samsung NX3000, since I been reading about the NX2000, I knew it was going to be a good camera. It takes amazing quality pictures. With the option of 20.3 MP, the images will have a lot of color and detail to them. It comes with many options, including with the improved smart options that allows the camera to take pictures for different scenes. For example, there is one smart mode for fireworks that allows pictures about fireworks to look amazing. The camera is easy to learn and honestly I recommend it a lot to people who does not want to spend a lot for a DSLR camera or get a no good cheap camera. This camera specs are like mid entry when compared to DSLR cameras. So you knowing your getting something that take pictures close to high end DSLR cameras. I do really recommend this camera. It is honestly a good deal. Also you get a copy of the latest Adobe Lightroom, which is a big plus. So anyone in the business of getting a smart camera, I would recommend this to you and to anyone else."
Samsung,Samsung NX3000 Wireless Smart 20.3MP Mirrorless Digital Camera with 16-50mm OIS Power Zoom Lens and Flash (Black),20150310,B00K88XMI6,5,52,53,"on March 10, 2015",ANONYMOUS,Best Camera I've Ever Had,"EDIT: I came back a few months later to update my review from 4 to 5 stars. Every electronic has room for improvement, but this is my 8th digital camera in a long line of point-and-shoots, super-zooms and dSLR's, and it is the best I've ever had or used by leaps and bounds. It takes photos just as well as my dSLR with basic lenses but without all the bulk and hassle. I get people constantly asking me about this camera or commenting on my photos asking what I used. I've convinced 3 other people to purchase it and they all fell in immediate love with it. It is just so intuitive, quick to use, and the wifi uploading means I never have photos stay on my camera forever, never to see the light of day. It is probably one of my favorite electronics I've ever owned.<br /><br />ORIGINAL REVIEW: Firstly I wanted to state that if you're considering buying this camera, add it to your cart and get the Amazon updates about price changes to items you've placed in your cart. Reason being, I just bought this brand new on Thursday or Friday (it is now Monday) and the price went up $100. While I was making my purchase decision I noticed this happened frequently.<br /><br />In terms of the 16-50mm OIS or the 20-50mm, get the 16-50. I will add a photo of each lens on the camera side-by-side. I initially received the wrong lens on the camera via a Warehouse Deal and had to purchase another and return it, so I had two cameras, one with a 16-50mm and one with a 20-50mm at the same time for a day. Anyway, the 16-50mm is silent when zooming and the 20-50 is far from silent. the 16-50mm is also almost an inch shorter.<br /><br />Why I chose NX3000 over NXMini:<br />- touch screen wasn't necessary for me<br />- I'd like to use my Canon lenses and the adapter to do so with the Mini is over $100, with the 3000 it is around $20. This was the main reasoning for me.<br />- Some reviews said the Mini had better battery life but come to find out, same battery<br />- It isn't THAT much smaller.<br /><br />Why I chose NX3000 vs NX300:<br />- 300's screen doesn't flip all the way up for &#34;selfies&#34; or vlogging if you do that.  The NX500 has both a touch screen like the Mini and a full flip out like the 3000, but is crazy expensive.<br /><br />Why I chose NX3000 over Sony a5000:<br />- Better battery life<br />- more intuitive<br />- cheaper<br />- felt bulkier<br />- preferred NX3000 quality in comparison photos and sample photos<br /><br />Pro's:<br />- Small, though slightly larger than point and shoots<br />- I honestly use my dSLR less and less<br />- flipping up the screen automatically turns on camera and a mode that smooths skin. Pretty amazing.<br />- You press the Mobile button, select &#34;select photos from camera&#34; it creates a wifi that I select on my phone, once connected (takes seconds) I open the Samsung app on my phone and send the photos I want on over. I can very quickly post photos from the camera to Instagram which is awesome.<br />- Very intuitve. Easiest to use camera I've ever had.<br />- Editing modes built right into the camera are as good as any photo editing app I have.<br />- Auto mode actually selects from various built in modes for you, and the built in modes are pretty awesome and specific.<br />- photo quality is so awesome, I was so surprised.<br />- Focuses quickly<br /><br />Con's<br />- I wish there were more WIFI options like uploading straight to iCloud or Picasa. With the touchscreen versions there is an option or direct to Facebook, I haven't found that's true on the NX3000 so far but I don't think so.<br />- I wish there was a little dongle for the lens cap, it is so tiny! I bought one from eBay by searching &#34;lens cap holder&#34;<br />- MicroSD. Yikes, I'm going to lose so many of these lol. Make sure to get a high speed one (10x I think is the fastest?)<br />- I wish the screen also turned all the way around like my Canon T3i, so that it remains protected. I bought screen covers and a case but still."
Samsung,Samsung NX3000 Wireless Smart 20.3MP Mirrorless Digital Camera with 16-50mm OIS Power Zoom Lens and Flash (Black),20150308,B00K88XMI6,5,12,12,"on March 8, 2015",ANONYMOUS,I love this camera,"WOW! I love this camera! The pictures are great and the mobile option is awesome. I'm also loving Lightroom--I'm very new to photo editing software, but I'm having a very good experience with this. If you're also new to Lightroom, I highly suggest you find the Lightroom Youtube channel and watch some tutorials, as these were VERY helpful for me in learning the program.<br /><br />I've attached some photos to this review, but you can see more at my photo blog, iseeasinamap on tumblr."
Samsung,Samsung NX3000 Wireless Smart 20.3MP Mirrorless Digital Camera with 16-50mm OIS Power Zoom Lens and Flash (Black),20150308,B00K88XMI6,5,4,4,"on March 8, 2015",ANONYMOUS,Five Stars,Such a nice camera
Samsung,Samsung NX3000 Wireless Smart 20.3MP Mirrorless Digital Camera with 16-50mm OIS Power Zoom Lens and Flash (Black),20150305,B00K88XMI6,4,1,1,"on March 5, 2015",ANONYMOUS,Samsung NX3000,Samsung NX3000 is one of the best wireless cameras in the industry today. It delivers high-quality images and the product's compac design makes it ideal for outdoor adventures.
Samsung,Samsung NX3000 Wireless Smart 20.3MP Mirrorless Digital Camera with 16-50mm OIS Power Zoom Lens and Flash (Black),20150304,B00K88XMI6,3,0,8,"on March 4, 2015",ANONYMOUS,Three Stars,ok
Samsung,Samsung NX3000 Wireless Smart 20.3MP Mirrorless Digital Camera with 16-50mm OIS Power Zoom Lens and Flash (Black),20150302,B00K88XMI6,5,0,0,"on March 2, 2015",ANONYMOUS,Five Stars,"easy to use, good picture quality. I look forward to learning more of the advanced options."
Samsung,Samsung NX3000 Wireless Smart 20.3MP Mirrorless Digital Camera with 16-50mm OIS Power Zoom Lens and Flash (Black),20150302,B00K88XMI6,5,0,0,"on March 2, 2015",ANONYMOUS,Five Stars,Fun camera
Samsung,Samsung NX3000 Wireless Smart 20.3MP Mirrorless Digital Camera with 16-50mm OIS Power Zoom Lens and Flash (Black),20150226,B00K88XMI6,5,0,0,"on February 26, 2015",ANONYMOUS,Five Stars,Great camera! Good features..
Samsung,Samsung NX3000 Wireless Smart 20.3MP Mirrorless Digital Camera with 16-50mm OIS Power Zoom Lens and Flash (Black),20150224,B00K88XMI6,5,0,0,"on February 24, 2015",ANONYMOUS,Great camera,Great camera.  Love the selfie feature
Samsung,Samsung NX3000 Wireless Smart 20.3MP Mirrorless Digital Camera with 16-50mm OIS Power Zoom Lens and Flash (Black),20150223,B00K88XMI6,5,0,0,"on February 23, 2015",ANONYMOUS,Excellent quality pictures,Excellent  quality  pictures. ..
Samsung,Samsung NX3000 Wireless Smart 20.3MP Mirrorless Digital Camera with 16-50mm OIS Power Zoom Lens and Flash (Black),20141212,B00K88XMI6,4,7,9,"on December 12, 2014",ANONYMOUS,Boasts strong image quality and well-implemented Wi-Fi.,"This Samsung boasts strong image quality and well-implemented Wi-Fi features, but it's a little slow to lock it's focus.<br /><br />Pro's are:<br />- Compact.<br />- Sharp kit lens.<br />- Tilting rear display<br />- Built-in Wi-Fi functionality<br /><br />Con's are:<br />- A little slow to focus.<br />- No built-in flash.<br />- Dedicated battery charger not included.<br /><br />As a decent compact you can't go wrong with this samsung but you may want to look at this Sony before making a decision: http://amzn.to/1Rvggm0"
Samsung,Samsung NX3000 Wireless Smart 20.3MP Mirrorless Digital Camera with 16-50mm OIS Power Zoom Lens and Flash (Black),20141206,B00K88XMI6,5,0,6,"on December 6, 2014",ANONYMOUS,"For the non professional, this is the perfect camera.",Great camera
Samsung,Samsung NX3000 Wireless Smart 20.3MP Mirrorless Digital Camera with 16-50mm OIS Power Zoom Lens and Flash (Black),20141129,B00K88XMI6,4,1,8,"on November 29, 2014",ANONYMOUS,A fun camera! So many features,A fun camera!  So many features!
Samsung,Samsung NX3000 Wireless Smart 20.3MP Mirrorless Digital Camera with 16-50mm OIS Power Zoom Lens and Flash (Black),20141105,B00K88XMI6,5,3,4,"on November 5, 2014",ANONYMOUS,Best thing about this is the auto transfer from camera ...,My wife loves this camera. going from a point and shoot to this is a big jump so takes some time to learn how to use and take advantage of all the features. I can say it is worth every dollar spent. Best thing about this is the auto transfer from camera to Phone or tablet.
Samsung,Samsung NX3000 Wireless Smart 20.3MP Mirrorless Digital Camera with 16-50mm OIS Power Zoom Lens and Flash (Black),20141024,B00K88XMI6,5,7,10,"on October 24, 2014",ANONYMOUS,Best Camera EVER!!!,"I have been watching this camera for over a month trying to decide whether to buy it, which I'm so glad I did. I absolutely love it. I got a the amazon basics tripod to go with it and a camera bag from USA Gear and I'm all set. The camera can remotely take pictures from the samsung app on any smart phone which makes my new tripod super easy to use! This was my birthday gift to myself and it's amazing!"
Samsung,Samsung NX3000 Wireless Smart 20.3MP Mirrorless Digital Camera with 16-50mm OIS Power Zoom Lens and Flash (Black),20141021,B00K88XMI6,4,1,2,"on October 21, 2014",ANONYMOUS,Great Camera! The pictures are amazing,"Great Camera! The pictures are amazing, it is light and easy to use. The lens change easily.  The main downsides are that the Wi-Fi does not really work well and it is easier to just use the USB connector which is fast with the pictures showing up as files on a pc."
Samsung,Samsung NX3000 Wireless Smart 20.3MP Mirrorless Digital Camera with 16-50mm OIS Power Zoom Lens and Flash (Black),20140915,B00K88XMI6,5,0,8,"on September 15, 2014",ANONYMOUS,Five Stars,good deal
Samsung,Samsung NX3000 Wireless Smart 20.3MP Mirrorless Digital Camera with 16-50mm OIS Power Zoom Lens and Flash (Black),20140902,B00K88XMI6,5,39,46,"on September 2, 2014",ANONYMOUS,"Perfect for travel, family events, or any activity where you don't want to participate through a viewfinder.","The Samsung NX3000 is the an up to date, feature rich mirrorless compact system camera that supports a variety of lenses. The body is sturdy plastic which makes gives you a lighter weight in exchange somewhat higher quality feel of a metal body. For on the go, I think this is camera is durable enough to withstand all but the worst abuse while not weighing you down and I like the vintage look of the body style.<br /><br />While I have and use a DSLR for dedicated photo shoots, I have come to like the more casual ease of use, compact size, and smaller lenses that a mirrorless cameras can use by putting the lens much closer to the sensor and remove the complex mirror that supports the for through the lens viewfinder. If you are thinking about a camera for travel, family events, or any other activity that you don't want to be a dedicated photojournalist and still participate in the activity I highly recommend you go this route.<br /><br />The NX3000 captures images on a 20.3 megapixel APS-C CMOS sensor, no viewfinder is included, shots are taken using the 3-inch flip-up (not down) LCD screen. This flip up design is ideal for taking shots from a lower vantage point, keeping the camera in your lap while watching an event, or for selfies with wink-shot mode. The ISO range of 100-25,600 works great for indoor events that often have poor lighting with low noise up to fairly high ISO settings.  With the ability to record 1080p HD movies you can quickly capture all your memories with great detail. The built-in Wi-Fi and Near Field Communication (NFC) connectivity makes uploading or sharing photos quick and easy and you can use the Samsung app for remote control with live preview.<br /><br />I found the  5fps continuous shooting and 1/4000th second top shutter speed made it easy to capture some of the best action shots I have taken with any camera and the Sweep Panoramas is included to build a panorama shot in camera for those shots that just don't fit in a single shot. This camera kit includes a 16-50mm f3.5-5.6 lens with Optical Image Stabilization which greatly improves clarity when you don't have or can't use a tripod. And the included Adobe Photoshop Lightroom 5 is a great value for tweaking photos once you get them on your computer (Mac or PC).<br /><br />The lens includes Samsung's standard i-Function button. When using the iFunction mode you can press an easy to access button on the lens barrel which allows you to modify a sub-set of key settings by rotating the focus ring. As you press through the options you can adjust shutter speed and/or aperture, ISO, exposure compensation, and white balance.<br /><br />The battery is huge, is only charged in the camera via microUSB, and the memory card is MicroSD / MicroSDHC / MicroSDXC.  I am personally not a big fan of these as they are too easy to lose if dropped. Fortunately storage size has gone up and price has gone down, so you may not ever need to remove it.<br /><br />I generally shot in program mode so I can find a set of setting that work for the environment I am in and be assured that most every shot works. However I was very impressed with the Smart Auto system and the rest of the family can easily use the camera just point and click with great results.<br /><br />If you like you can use all kinds of in camera modes to modify the image, I found these fun to play with but generally don't use them on a regular basis. However I have used some of the post shot editing for redeye fix, backlight adjustment, changing the photo style, resizing, rotating, face retouch and using a couple of the smart filters."
Samsung,Samsung NX3000 Wireless Smart 20.3MP Mirrorless Digital Camera with 16-50mm OIS Power Zoom Lens and Flash (Black),20140830,B00K88XMI6,3,17,35,"on August 30, 2014",ANONYMOUS,micro SD card NOT included--and watch out for unresponsive shutter,"Well, I have to thank Amazon for allowing me to review this. Undoubtedly you will read reviews from professional and &#34;high-amateurs&#34; of this camera. Let me give you the perspective of someone who has been known to take some great shots (and no small amount of bad ones). The short version is this: If you are going to spend $500+ on a camera, get a better one. I should add some kind of disclaimer that I normally like Samsung products (especially my Galaxy), but this camera feels like an economy version of a great camera. Imagine that &#34;first class tickets&#34; were the standard, and some airline exec threw in a few junky seats on the back of the plane, and called them &#34;economy.&#34; That is what we have here.<br /><br />The plastic feel of the camera is just wrong. It is brown, and the side panel door that protects(?) the HDMI and micro-USB (sorry Mac users - &#34;none for you!&#34;) is really flimsy. I think the construction of this camera is probably than it feels and looks, but I am reticent to break it apart and examine the inner workings. Also, the power button is &#34;right next to&#34; the shutter button. It is too easy to accidentally turn the camera off instead of getting the right shot.<br /><br />Okay, so it has all of the normal bells and whistles: f-stop, aperture, Wi-Fi, NFC, and shutter speed--pretty much everything you would think that makes this a great camera. Here's where it fails, and why I am only giving it 3 stars. My Samsung Galaxy (3!) and my iPhone 5s take better pictures! Do you get a larger picture with this? Yes. But by the time the auto-focus has resolved itself the cat has moved (1-2 second delay often), or the camera refuses to take a shot until the light sensor adjusts (wave the camera around and it fixes itself) and then you take the same shot and it pulls in tons of light. It works, it is just high maintenance. Also, the screen flips up (&#34;OMG!! for selfies!&#34;) over the top of the camera. This may not be a truly bad feature, but it smacks the screen glass up against the flash. Also, the zoom is pathetic. For the money you spend on a camera that does NOT come attached to a phone I simply expected more. From a company named Samsung, I certainly did not expect such a cheap feeling camera.<br /><br />On the up-side, I did like the quick release lens, and the video and burst modes. The same problem applies, where the shutter button is often unresponsive, causing you to miss your shot, or the auto-focus refuses to work at all, and you get a blurry shot, or takes so long that you miss the shot. This might be nice for close-up still life, but it is no action camera, and unless you want to spend money on more lenses, you are extremely limited by what they provide. A serious disappointment for the price.<br /><br />Also, don't expect an instruction manual. Batteries? Yes: instructions on how to use it? Of course not! There is the standard quick-start guide (fold-out brochure) that expects that you know all about photography (in which case you bought a better camera, whether less or more expensive). Also, it won't truly function without a micro SD. Not at all, really. I am being too generous here. Unless you happen to have a 32 meg or higher micro SD card, you will be disappointed on Christmas when you open your new camera and try to shoot pictures with it.<br /><br />For all of the bells and whistles built into this camera (and there are many), they could have made a truly great camera by not being so sting on the quality of materials, and a standard micro SD card, which would have cost Samsung pennies to make--and finally a much better lens. You really are much better just holding out for an Olympus E-P5 16.1, or opting for the much less expensive Olympus PEN E-P3. After all, this is an investment you will live with for years. Get something you won't regret later. Sorry Samsung--to everyone else: I hope this helped."
Samsung,Samsung NX3000 Wireless Smart 20.3MP Mirrorless Digital Camera with 16-50mm OIS Power Zoom Lens and Flash (Black),20140827,B00K88XMI6,5,2,2,"on August 27, 2014",ANONYMOUS,"A Prosumer Photo and Video Camera Worth Considering. Samsung ""NX 3000"": A Critical Review.,","<div id='video-block-RCM5CSCNX85RP' class='a-section a-spacing-small a-spacing-top-mini video-block'></div><input type='hidden' name='' value='http://ecx.images-amazon.com/images/I/E13ccAmKkmS.mp4' class='video-url'><input type='hidden' name='' value='http://ecx.images-amazon.com/images/I/11QNXcrWSCS.png' class='video-slate-img-url'>This is an amazing...absolutely amazing camera and if you own other *recent* Samsung products, this will indubitably work its way in your Samsung curriculum.<br /><br />***<br />Right off the bat, I have to say, this is only the written part of the review that I have to post but I also have more than 45 minutes of raw footage taken with the camera and some footage showing the camera itself and its features to be edited and uploaded. The biggest issue is that since this is a 20MP camera the resolution of the images as well as the video clips take up a lot of room but Amazon's complete video limit is only 100MB. So, I will have to degrade the high resolution clips and edit the length in order to accommodate the limits. The full, unedited version will be posted on YouTube.<br /><br />*** Features/ Samsung's ecosystem integration ***<br /><br />This camera, like almost all of Samsung's offerings for the past 2 years is feature-rich.<br /><br />I have both the Galaxy Note 4, the Galaxy Note 10.1, and 12.2 and like these devices, you have so many app's and functions built in that it's almost impossible to think of something you'd be in need of.<br /><br />You can connect to--in my case the phone and the tablets from this camera just by pushing the 'Mobile' Button. And, transferring files by using the 'NFC.'<br /><br />This looks like a traditional film camera but this is completely digital even down to the micro sd card slot and the micro usb charge port.<br /><br />*** Features ***<br /><br />This, for the money, maybe overkill if you want just a good camera with decent spec's without breaking the bank. I have my very trusty Canon Powershot A590 (which I still love) but use primarily for taking reference photos or the rare video shoot if I don't have anything else handy. And, I have an old Flip Mino HD, which I use for these video reviews because the 720 images I get from it is very good although it seems to be nearing the end of its life cycle. The Samsung seems to bridge the best of the Canon and the Flip. But, if you have a good phablet phone, like a Note 3 or the HTC One 8--you'll most likely not reach for this NX 3000 unless you have an intentional need for better pictures and video.<br /><br />The set features:<br /><br />* Camera body<br />* Internal rechargeable battery<br />* 16-50mm lens (digital lens)<br />* Quick Start & Quick Reference Guide<br />* Adapter cable<br />* Camera strap<br />* Flash<br /><br />(The camera set is missing a case which I think should have been included considering the price.)<br /><br />* A disk of Adobe Lightroom<br /><br />The camera's internal features:<br /><br />* HDMI port (left side)<br />* USB (micro) usb port (left side)<br />* Battery compartment & SD card compartment (bottom)<br />* tripod mount (bottom)<br />* recording indicator lights (top)<br />* Mobile button (top)<br />* Power button (top)<br />* Shutter button (top)<br />* Hot Shoe (top)<br />* Mode Dial (top)<br />* Microphone<br />* Video Record button (back)<br />* Fn button - 'Smart Panel' access key (back)<br />* Menu/ Shooting Modes dial (back)<br />* Flip Up Display (back)<br /><br />The camera is really lightweight considering what it does. The motor is extremely fast.<br /><br />This camera will most likely appeal to professional photographers as well.<br /><br />This camera also has standard features such as:<br /><br />* Image Stabilization<br />* ISO & White Balance settings and 'Metering'<br />* Minimum shutter speed in addition to photo and video editing features like Photo size, Photo Quality, Picture Wizard (filter effects), Smart Filter, Face Detection Framing Mode<br /><br />I just mentioned that the camera's motor is very fast and relatively silent. You also have a choice of shooting in the Continuous, Burst, Timer or Bracket shooting modes.<br /><br />** There's also a 'Dynamic Range' feature where the camera automatically adjusts details hidden in shadows.<br /><br />For video, you have the ability to:<br />* Select video resolution<br />* Movie quality<br />* Playback speed of the movie clip<br />* Add a fade effect (fade in or fade out) to a clip<br />* Adjust or edit the video sound.<br /><br />*** Really cool features ***<br /><br />If that wasn't enough, you can send your files via Wi-Fi or Bluetooth (NFC) to other Samsung or Android devices that have that option built into their OS. But, when connected to the Wi-Fi, you can also send your files to a cloud-based service like Dropbox or Box or even Google Drive. (I think Samsung and Google still are offering a 1-time storage gift of 1 Terrabyte of storage if you buy a Samsung product this year. But, it's only good for just one Samsung product.)<br /><br />There is a lot to this camera and even with 45 minutes of unedited video to process, there's still features that I need to find a purpose for. But, that's the fun part about it.<br /><br />As I mentioned, the camera set should have come with some kind of protective case, but it didn't. I'd also would have liked if Samsung had provide some kind of screen protector for the Pop Up display--because of the potential damage to that exposed glass.<br /><br />All in all, this camera is still a winner."
Samsung,Samsung NX3000 Wireless Smart 20.3MP Mirrorless Digital Camera with 16-50mm OIS Power Zoom Lens and Flash (Black),20150128,B00K88XMI6,5,0,0,"on January 28, 2015",ANONYMOUS,Great introduction into the mirrorless camera arena,"Great introduction into the mirrorless camera arena.  I have a Nikon d7000 which is a great camera, but sometimes it's to large.  I can put a 30mm pancake lens on here and keep it in my pocket.  Photos are sharp.<br />It's been a great little camera."
Samsung,Samsung NX3000 Wireless Smart 20.3MP Mirrorless Digital Camera with 16-50mm OIS Power Zoom Lens and Flash (Black),20150122,B00K88XMI6,5,0,1,"on January 22, 2015",ANONYMOUS,Five Stars,great! i got it &#34;like new&#34; and it was pretty much brand new!
Samsung,Samsung NX3000 Wireless Smart 20.3MP Mirrorless Digital Camera with 16-50mm OIS Power Zoom Lens and Flash (Black),20150122,B00K88XMI6,5,0,1,"on January 22, 2015",ANONYMOUS,Five Stars,Christmas gift for our daughter and she loves this camera
Samsung,Samsung NX3000 Wireless Smart 20.3MP Mirrorless Digital Camera with 16-50mm OIS Power Zoom Lens and Flash (Black),20150120,B00K88XMI6,5,0,0,"on January 20, 2015",ANONYMOUS,Quality photos and videos.,"When taking snapshots with your smartphone just wont do, this is a great option for quality photos and videos. Digital cameras are not a dying breed because they can offer versatility that pictures or video from a phone cannot."
Samsung,Samsung NX3000 Wireless Smart 20.3MP Mirrorless Digital Camera with 16-50mm OIS Power Zoom Lens and Flash (Black),20150119,B00K88XMI6,5,0,1,"on January 19, 2015",ANONYMOUS,Say cheese!,it's a great camera!!!
Samsung,Samsung NX3000 Wireless Smart 20.3MP Mirrorless Digital Camera with 16-50mm OIS Power Zoom Lens and Flash (Black),20150114,B00K88XMI6,4,1,1,"on January 14, 2015",ANONYMOUS,Four Stars,Nice camera for beginners.
Samsung,Samsung NX3000 Wireless Smart 20.3MP Mirrorless Digital Camera with 16-50mm OIS Power Zoom Lens and Flash (Black),20150113,B00K88XMI6,5,0,0,"on January 13, 2015",ANONYMOUS,Great Camera!,Bought this camera for my daughter for Christmas.  It is a great camera for beginners or someone who wants to take great photos without lugging around a heavy camera.  Took it to Las Vegas and it fit easily in her purse and has been easy to use also.  Very satisfied with this purchase.
Samsung,Samsung NX3000 Wireless Smart 20.3MP Mirrorless Digital Camera with 16-50mm OIS Power Zoom Lens and Flash (Black),20150113,B00K88XMI6,3,2,4,"on January 13, 2015",ANONYMOUS,"Can take good pictures, not easy to use.","My first camera in this format, don't understand the popularity of this format.  It does not work well in day time because of the lacking of view finder, not work well in night time due the the slow lens.  The display is not bright and has low resolution ( compared to EX2F) and it is not even fully articulate.  The WiFi is not stable, often drop out after a few minutes."
Samsung,Samsung NX3000 Wireless Smart 20.3MP Mirrorless Digital Camera with 16-50mm OIS Power Zoom Lens and Flash (Black),20150113,B00K88XMI6,5,0,0,"on January 13, 2015",ANONYMOUS,LOVE IT,This camera is awesome still learning how to use it but the point and shoot is awesome everyone loves the selfie option it was a hit at the NYE party. Great for beginners.
Samsung,Samsung NX3000 Wireless Smart 20.3MP Mirrorless Digital Camera with 16-50mm OIS Power Zoom Lens and Flash (Black),20150102,B00K88XMI6,5,1,1,"on January 2, 2015",ANONYMOUS,I love it! It takes lovely pictures,I love it! It takes lovely pictures! The white is extremely classy. It doesn't have the quickest focus ability but for what it lacks there it makes up for with beautiful flattering pictures. I'm so glad I got it. I was going to fork out more for the sony alpha but decided on this
Samsung,Samsung NX3000 Wireless Smart 20.3MP Mirrorless Digital Camera with 20-50mm Compact Zoom and Flash (Black),20151101,B00K88XMYK,5,0,0,"on November 1, 2015",ANONYMOUS,Five Stars,"Great camera with lots of neat features, would buy again."
Samsung,Samsung NX3000 Wireless Smart 20.3MP Mirrorless Digital Camera with 20-50mm Compact Zoom and Flash (Black),20151028,B00K88XMYK,3,0,0,"on October 28, 2015",ANONYMOUS,A bit of a disappointment - I should have spent more MONEY on a better camera.,"Disappointed. Pretty good camera, easy to use. Images are not great."
Samsung,Samsung NX3000 Wireless Smart 20.3MP Mirrorless Digital Camera with 20-50mm Compact Zoom and Flash (Black),20151017,B00K88XMYK,4,0,0,"on October 17, 2015",ANONYMOUS,Four Stars,Great camera for the beginner
Samsung,Samsung NX3000 Wireless Smart 20.3MP Mirrorless Digital Camera with 20-50mm Compact Zoom and Flash (Black),20150929,B00K88XMYK,5,0,0,"on September 29, 2015",ANONYMOUS,I love this camera,I love this camera.  It takes awesome photos and is very easy to use.  I would recommend this to friends and family.
Samsung,Samsung NX3000 Wireless Smart 20.3MP Mirrorless Digital Camera with 20-50mm Compact Zoom and Flash (Black),20150924,B00K88XMYK,5,0,0,"on September 24, 2015",ANONYMOUS,Five Stars,Love my new camera! :)
Samsung,Samsung NX3000 Wireless Smart 20.3MP Mirrorless Digital Camera with 20-50mm Compact Zoom and Flash (Black),20150922,B00K88XMYK,5,1,1,"on September 22, 2015",ANONYMOUS,Love it! 5 Stars:),"5 Stars!!!!!!! I absolutely Love this camera already! If you're thinking about purchasing, just go ahead and do so! I love everything about it.... The photos are super clear, the camera itself is so cute, I got it in white! Just purchased it on Saturday and I've been playing around with it and haven't put it down since it arrived on today:) Must buy!"
Samsung,Samsung NX3000 Wireless Smart 20.3MP Mirrorless Digital Camera with 20-50mm Compact Zoom and Flash (Black),20150917,B00K88XMYK,4,0,0,"on September 17, 2015",ANONYMOUS,"I love it, the quality is amazing","I listened to one of the other reviewers comment that said don't over think it. I love it, the quality is amazing, I don't vlog but I am sure this would be perfect for that too. the only thing that made it loose 1 star is that you are not able to use the flash with the front facing screen. Whats up with that samsung?"
Samsung,Samsung NX3000 Wireless Smart 20.3MP Mirrorless Digital Camera with 20-50mm Compact Zoom and Flash (Black),20150912,B00K88XMYK,5,0,0,"on September 12, 2015",ANONYMOUS,5 Star ahead of the pack,"Perfect camera a t any level, no mirror means NO DUST hence clear, crisp, detailed prints and images."
Samsung,Samsung NX3000 Wireless Smart 20.3MP Mirrorless Digital Camera with 20-50mm Compact Zoom and Flash (Black),20150911,B00K88XMYK,1,0,1,"on September 11, 2015",ANONYMOUS,Not anything like the solid sony products I am used to,They sent the international version with European style charger. Camera is sort of flimsy. Not anything like the solid sony products I am used to.
Samsung,Samsung NX3000 Wireless Smart 20.3MP Mirrorless Digital Camera with 20-50mm Compact Zoom and Flash (Black),20150909,B00K88XMYK,5,0,0,"on September 9, 2015",ANONYMOUS,great camera! love Samsung products,"great camera!  love Samsung products.  easy to use, takes excellent pictures, don't have multiple lenses, which would be nice, but one day maybe . . . awesome camera tho"
Samsung,Samsung NX3000 Wireless Smart 20.3MP Mirrorless Digital Camera with 20-50mm Compact Zoom and Flash (Black),20150906,B00K88XMYK,5,0,0,"on September 6, 2015",ANONYMOUS,A Great Camera,"Camera is perfect for a beginner. It takes wonderful high-quality photos and has a simple set up. The flip up screen makes selfies super easy, which was awesome while I was on vacation. I love the wifi function as well, since I don't need to connect to the computer to upload every picture."
Samsung,Samsung NX3000 Wireless Smart 20.3MP Mirrorless Digital Camera with 20-50mm Compact Zoom and Flash (Black),20150904,B00K88XMYK,5,1,1,"on September 4, 2015",ANONYMOUS,Samsungs brilliant little camera !,"This truly is a amazing camera. You have all the control you need for your photo or, easy point and shoot. I ride a motorcycle and have been lugging around a SLR for years. Now I need very little space but my photos are so much more."
Samsung,Samsung NX3000 Wireless Smart 20.3MP Mirrorless Digital Camera with 20-50mm Compact Zoom and Flash (Black),20150904,B00K88XMYK,4,1,1,"on September 4, 2015",ANONYMOUS,Right now it`s the cheapest APSC mirrorless system kit available which includess possibly the best kit lens made (16-50mm PZ ) B,"4 stars ? Why not ?  Right now it`s the cheapest APSC  mirrorless system kit available which includes possibly the best kit lens made (16-50mm PZ ) It`s kinda like ,&#34;Buy the lens and get the camera body free&#34;.  High ISO settings in low light situations are super good. Manual focusing is very good AND it works even after AF locks on subject. I`d have given it 5 stars if the LCD was better in the sunlit outdoors."
Samsung,Samsung NX3000 Wireless Smart 20.3MP Mirrorless Digital Camera with 20-50mm Compact Zoom and Flash (Black),20150901,B00K88XMYK,5,0,0,"on September 1, 2015",ANONYMOUS,Five Stars,Great pics!
Samsung,Samsung NX3000 Wireless Smart 20.3MP Mirrorless Digital Camera with 20-50mm Compact Zoom and Flash (Black),20150901,B00K88XMYK,5,0,0,"on September 1, 2015",ANONYMOUS,Great Camera,"I was looking for something that would take great photos, great video and work with my old 35mm lenses...this camera fits that bill perfectly. The only downsides are the lack of any internal image stabilization such as sensor shift, and the packaged 20-50mm lens being merely &#34;so-so&#34;. It isn't at all fast, and the construction of thr lens feels somewhat cheap."
Samsung,Samsung NX3000 Wireless Smart 20.3MP Mirrorless Digital Camera with 20-50mm Compact Zoom and Flash (Black),20150831,B00K88XMYK,5,0,0,"on August 31, 2015",ANONYMOUS,Great Camera for Beginners,I bought this camera for my trip to Europe. I never owned a real high quality camera before. I don't really know much about photography but this camera is so easy to use. The pictures turned out great
Samsung,Samsung NX3000 Wireless Smart 20.3MP Mirrorless Digital Camera with 20-50mm Compact Zoom and Flash (Black),20150830,B00K88XMYK,5,0,0,"on August 30, 2015",ANONYMOUS,I'm so happy with my new camera love tge retro look,"Bought it for a vacation trip. I'm so happy with my new camera love tge retro look. I didn't know the camera come with a small flash, a strap and a photoshop program. I'm learning to use it on manual mode and I have taken really good pictures with it. I'll be making updates later and include some pictures."
Samsung,Samsung NX3000 Wireless Smart 20.3MP Mirrorless Digital Camera with 20-50mm Compact Zoom and Flash (Black),20150822,B00K88XMYK,5,0,0,"on August 22, 2015",ANONYMOUS,Great for beginners and those who want to learn,"Great camera, great for beginners but looks like you can go next level if you want to learn how to use all the bells and whistles. I managed to get it on sale for 300 which is a steal."
Samsung,Samsung NX3000 Wireless Smart 20.3MP Mirrorless Digital Camera with 20-50mm Compact Zoom and Flash (Black),20150817,B00K88XMYK,4,0,0,"on August 17, 2015",ANONYMOUS,I love this camera becuase of the online features to share ...,I love this camera becuase of the online features to share pics. It's pretty simple to use but I know I have to learn some of the setting a tad bit more in depth for the cameras full potential.
Samsung,Samsung NX3000 Wireless Smart 20.3MP Mirrorless Digital Camera with 20-50mm Compact Zoom and Flash (Black),20150812,B00K88XMYK,4,4,4,"on August 12, 2015",ANONYMOUS,Where did that plug come from,"Really like the camera, the lense size is double what we expected. Picture and video quality is amazing. Very confused by the fact it's made for European outlets though."
Samsung,Samsung NX3000 Wireless Smart 20.3MP Mirrorless Digital Camera with 20-50mm Compact Zoom and Flash (Black),20150128,B00K88XMYK,5,0,0,"on January 28, 2015",ANONYMOUS,Great introduction into the mirrorless camera arena,"Great introduction into the mirrorless camera arena.  I have a Nikon d7000 which is a great camera, but sometimes it's to large.  I can put a 30mm pancake lens on here and keep it in my pocket.  Photos are sharp.<br />It's been a great little camera."
Samsung,Samsung NX3000 Wireless Smart 20.3MP Mirrorless Digital Camera with 20-50mm Compact Zoom and Flash (Black),20150122,B00K88XMYK,5,0,1,"on January 22, 2015",ANONYMOUS,Five Stars,great! i got it &#34;like new&#34; and it was pretty much brand new!
Samsung,Samsung NX3000 Wireless Smart 20.3MP Mirrorless Digital Camera with 20-50mm Compact Zoom and Flash (Black),20150122,B00K88XMYK,5,0,1,"on January 22, 2015",ANONYMOUS,Five Stars,Christmas gift for our daughter and she loves this camera
Samsung,Samsung NX3000 Wireless Smart 20.3MP Mirrorless Digital Camera with 20-50mm Compact Zoom and Flash (Black),20150120,B00K88XMYK,5,0,0,"on January 20, 2015",ANONYMOUS,Quality photos and videos.,"When taking snapshots with your smartphone just wont do, this is a great option for quality photos and videos. Digital cameras are not a dying breed because they can offer versatility that pictures or video from a phone cannot."
Samsung,Samsung NX3000 Wireless Smart 20.3MP Mirrorless Digital Camera with 20-50mm Compact Zoom and Flash (Black),20150119,B00K88XMYK,5,0,1,"on January 19, 2015",ANONYMOUS,Say cheese!,it's a great camera!!!
Samsung,Samsung NX3000 Wireless Smart 20.3MP Mirrorless Digital Camera with 20-50mm Compact Zoom and Flash (Black),20150114,B00K88XMYK,4,1,1,"on January 14, 2015",ANONYMOUS,Four Stars,Nice camera for beginners.
Samsung,Samsung NX3000 Wireless Smart 20.3MP Mirrorless Digital Camera with 20-50mm Compact Zoom and Flash (Black),20150113,B00K88XMYK,5,0,0,"on January 13, 2015",ANONYMOUS,Great Camera!,Bought this camera for my daughter for Christmas.  It is a great camera for beginners or someone who wants to take great photos without lugging around a heavy camera.  Took it to Las Vegas and it fit easily in her purse and has been easy to use also.  Very satisfied with this purchase.
Samsung,Samsung NX3000 Wireless Smart 20.3MP Mirrorless Digital Camera with 20-50mm Compact Zoom and Flash (Black),20150113,B00K88XMYK,3,2,4,"on January 13, 2015",ANONYMOUS,"Can take good pictures, not easy to use.","My first camera in this format, don't understand the popularity of this format.  It does not work well in day time because of the lacking of view finder, not work well in night time due the the slow lens.  The display is not bright and has low resolution ( compared to EX2F) and it is not even fully articulate.  The WiFi is not stable, often drop out after a few minutes."
Samsung,Samsung NX3000 Wireless Smart 20.3MP Mirrorless Digital Camera with 20-50mm Compact Zoom and Flash (Black),20150113,B00K88XMYK,5,0,0,"on January 13, 2015",ANONYMOUS,LOVE IT,This camera is awesome still learning how to use it but the point and shoot is awesome everyone loves the selfie option it was a hit at the NYE party. Great for beginners.
Samsung,Samsung NX3000 Wireless Smart 20.3MP Mirrorless Digital Camera with 20-50mm Compact Zoom and Flash (Black),20150102,B00K88XMYK,5,1,1,"on January 2, 2015",ANONYMOUS,I love it! It takes lovely pictures,I love it! It takes lovely pictures! The white is extremely classy. It doesn't have the quickest focus ability but for what it lacks there it makes up for with beautiful flattering pictures. I'm so glad I got it. I was going to fork out more for the sony alpha but decided on this
Samsung,"Samsung GC200 Galaxy Camera 2 - 16.3 Megapixel CMOS, 21x Optical Zoom, Android 4.3, WiFi and 4.8-inch Touchscreen LCD Display - White (Certified Refurbished)",20151031,B00R3DGKWY,5,0,0,"on October 31, 2015",ANONYMOUS,I love the features and what they do like the wi-fi,"At 72 and know little about computers, I am lost in this camera, I love the features and what they do like the wi-fi, but for the life of me, I can not figure any of it out, except turning it on, for 20 years I have only used AOL and never did understand google.  I do not know how to get my address book (AOL) on to the camera, I really feel like a dumb old man.<br /><br />My neighbor got one first and was raving about the product, so with his help, I ordered one also.  I do not read well, is there a chance I could call someone and have them walk me thru this learning curve??  I do not know what the hyper link is or where to find it."
Samsung,"Samsung GC200 Galaxy Camera 2 - 16.3 Megapixel CMOS, 21x Optical Zoom, Android 4.3, WiFi and 4.8-inch Touchscreen LCD Display - White (Certified Refurbished)",20151031,B00R3DGKWY,5,0,0,"on October 31, 2015",ANONYMOUS,An incredible camera,"This is an incredible camera with capabilities that go far beyond anything I've ever held in my hands before.  For example, instead of using Photoshop to clean up images, it can be done right on the Samsung GC200.  And on and on."
Samsung,"Samsung GC200 Galaxy Camera 2 - 16.3 Megapixel CMOS, 21x Optical Zoom, Android 4.3, WiFi and 4.8-inch Touchscreen LCD Display - White (Certified Refurbished)",20151027,B00R3DGKWY,5,0,0,"on October 27, 2015",ANONYMOUS,Perfect for me!,"Is it a point and shoot camera with an Android operating system or an Android device with a great optical zoom camera?  Either way I find it very convenient to take, edit, and share my pictures all from one device!  Well worth the money IMO!"
Samsung,"Samsung GC200 Galaxy Camera 2 - 16.3 Megapixel CMOS, 21x Optical Zoom, Android 4.3, WiFi and 4.8-inch Touchscreen LCD Display - White (Certified Refurbished)",20151022,B00R3DGKWY,5,1,1,"on October 22, 2015",ANONYMOUS,Five Stars,Wife liked this camera because it very similar to our Samsung Galaxy phone.  Great price and fast shipping.
Samsung,"Samsung GC200 Galaxy Camera 2 - 16.3 Megapixel CMOS, 21x Optical Zoom, Android 4.3, WiFi and 4.8-inch Touchscreen LCD Display - White (Certified Refurbished)",20151021,B00R3DGKWY,1,1,2,"on October 21, 2015",ANONYMOUS,Flash mechanically jammed on arrival,Not close to refurbished. The unit I received does not even have the flash pop up button pictured in the on line manual.<br />On closer inspection the pop up flash appears ill fitting. Prior owner used a tool on it? Can't blame them since the supposed pop up button ....or a place for it....does not exist.<br /><br />On the way back to Amazon. Will seek advice at my local camera store for what I want.
Samsung,"Samsung GC200 Galaxy Camera 2 - 16.3 Megapixel CMOS, 21x Optical Zoom, Android 4.3, WiFi and 4.8-inch Touchscreen LCD Display - White (Certified Refurbished)",20151021,B00R3DGKWY,5,1,1,"on October 21, 2015",ANONYMOUS,Love it,"Love my camera, no problems at all so far.far 6 months in. Perfect condition and came quickly."
Samsung,"Samsung GC200 Galaxy Camera 2 - 16.3 Megapixel CMOS, 21x Optical Zoom, Android 4.3, WiFi and 4.8-inch Touchscreen LCD Display - White (Certified Refurbished)",20151020,B00R3DGKWY,5,1,1,"on October 20, 2015",ANONYMOUS,Great camera with tons of options.,"Bought this camera for my Son to take on a 2-year mission for the LDS church to Puerto Rico.  He loves the Android software that is installed, he can take pictures and upload them via Wifi right to his Google drive and we can pull up his drive here at home to see and store the pictures on a external hard drive.  It's a great camera for bigger hands as well.  Excellent Zoom"
Samsung,"Samsung GC200 Galaxy Camera 2 - 16.3 Megapixel CMOS, 21x Optical Zoom, Android 4.3, WiFi and 4.8-inch Touchscreen LCD Display - White (Certified Refurbished)",20151019,B00R3DGKWY,5,0,0,"on October 19, 2015",ANONYMOUS,Five Stars,Great camera! Great pictures!
Samsung,"Samsung GC200 Galaxy Camera 2 - 16.3 Megapixel CMOS, 21x Optical Zoom, Android 4.3, WiFi and 4.8-inch Touchscreen LCD Display - White (Certified Refurbished)",20151015,B00R3DGKWY,5,1,1,"on October 15, 2015",ANONYMOUS,This camera is amazing. It has a huge screen to view the ...,This camera is amazing.  It has a huge screen to view the pictures and connects right to wifi so you can post your photos instantly.  You can also download your apps for instagram or facebook and post pics directly to those apps.  The picture quality is also great and the &#34;food&#34; setting worked really well on my trip to Rome.
Samsung,"Samsung GC200 Galaxy Camera 2 - 16.3 Megapixel CMOS, 21x Optical Zoom, Android 4.3, WiFi and 4.8-inch Touchscreen LCD Display - White (Certified Refurbished)",20151012,B00R3DGKWY,2,1,1,"on October 12, 2015",ANONYMOUS,"I expected and loved this product a lot,but now  I will think twice before buying a refurbished one !","I purchased this less than 3 months ago. 2 weeks ago, a slight haziness began to show on the right upper quadrant in a finger nail size.<br />It seems getting bigger and more visible. Blurring is present on the right lower quadrant on photo print. Since return or replacement period is over, only disappointment left behind.I loved this device a lot at the beinning."
Samsung,"Samsung GC200 Galaxy Camera 2 - 16.3 Megapixel CMOS, 21x Optical Zoom, Android 4.3, WiFi and 4.8-inch Touchscreen LCD Display - White (Certified Refurbished)",20150420,B00R3DGKWY,5,0,0,"on April 20, 2015",ANONYMOUS,Love it!,Love the camera!  Clear pictures and easy to use!
Samsung,"Samsung GC200 Galaxy Camera 2 - 16.3 Megapixel CMOS, 21x Optical Zoom, Android 4.3, WiFi and 4.8-inch Touchscreen LCD Display - White (Certified Refurbished)",20150420,B00R3DGKWY,5,0,0,"on April 20, 2015",ANONYMOUS,Camera is great as I used it for my NYC trip,Camera is great as I used it for my NYC trip. Zooming is amazing. I'm looking forward to use it for future trips.
Samsung,"Samsung GC200 Galaxy Camera 2 - 16.3 Megapixel CMOS, 21x Optical Zoom, Android 4.3, WiFi and 4.8-inch Touchscreen LCD Display - White (Certified Refurbished)",20150419,B00R3DGKWY,4,2,2,"on April 19, 2015",ANONYMOUS,The photos are huge.,"This camera take fantastic photographs, the images it takes are so big my computer can barely handle them when I try to turn up their resolution in PhotoShop its amazing. The only problem I have is I have to buy a program for it to work on Macs but, oh well I just easily email it to myself and get the same resolution and size of the photo as I would if I used the cord to transfer it to my computer."
Samsung,"Samsung GC200 Galaxy Camera 2 - 16.3 Megapixel CMOS, 21x Optical Zoom, Android 4.3, WiFi and 4.8-inch Touchscreen LCD Display - White (Certified Refurbished)",20150418,B00R3DGKWY,5,0,0,"on April 18, 2015",ANONYMOUS,Five Stars,can take a good shot from center-field to home plate
Samsung,"Samsung GC200 Galaxy Camera 2 - 16.3 Megapixel CMOS, 21x Optical Zoom, Android 4.3, WiFi and 4.8-inch Touchscreen LCD Display - White (Certified Refurbished)",20150417,B00R3DGKWY,5,0,0,"on April 17, 2015",ANONYMOUS,Highly Recommended,Unbelievable amount of capabilities.
Samsung,"Samsung GC200 Galaxy Camera 2 - 16.3 Megapixel CMOS, 21x Optical Zoom, Android 4.3, WiFi and 4.8-inch Touchscreen LCD Display - White (Certified Refurbished)",20150414,B00R3DGKWY,5,0,1,"on April 14, 2015",ANONYMOUS,Five Stars,easy to use with nice app options.  Photos are great
Samsung,"Samsung GC200 Galaxy Camera 2 - 16.3 Megapixel CMOS, 21x Optical Zoom, Android 4.3, WiFi and 4.8-inch Touchscreen LCD Display - White (Certified Refurbished)",20150412,B00R3DGKWY,5,7,7,"on April 12, 2015",ANONYMOUS,Great camera,Great camera and it easy to take great pictures. I gave it a good work out on a trip last week and was blown away. From day time to night time to inside and out side and was very happy.
Samsung,"Samsung GC200 Galaxy Camera 2 - 16.3 Megapixel CMOS, 21x Optical Zoom, Android 4.3, WiFi and 4.8-inch Touchscreen LCD Display - White (Certified Refurbished)",20150412,B00R3DGKWY,5,0,0,"on April 12, 2015",ANONYMOUS,but this camera is really great. Takes great pictures and the large view finder ...,"I'm just an amateur photographer, but this camera is really great. Takes great pictures and the large view finder provides an excellent picture of what the actual picture will look like."
Samsung,"Samsung GC200 Galaxy Camera 2 - 16.3 Megapixel CMOS, 21x Optical Zoom, Android 4.3, WiFi and 4.8-inch Touchscreen LCD Display - White (Certified Refurbished)",20150412,B00R3DGKWY,5,0,1,"on April 12, 2015",ANONYMOUS,Five Stars,"Great pictures and video and downloads , plus saved money on price of camera."
Samsung,"Samsung GC200 Galaxy Camera 2 - 16.3 Megapixel CMOS, 21x Optical Zoom, Android 4.3, WiFi and 4.8-inch Touchscreen LCD Display - White (Certified Refurbished)",20150410,B00R3DGKWY,5,0,1,"on April 10, 2015",ANONYMOUS,"GREAT PRODUCT, GREAT PRICE!!!","Great product. Everyone i know has nothing but good things to say when they see it. I wish it connected to my Samsung Note 4 a little easier , but other than that, not 1 complaint."
Samsung,"Samsung GC200 Galaxy Camera 2 - 16.3 Megapixel CMOS, 21x Optical Zoom, Android 4.3, WiFi and 4.8-inch Touchscreen LCD Display - White (Certified Refurbished)",20150331,B00R3DGKWY,5,1,2,"on March 31, 2015",ANONYMOUS,Samsung GC200 camera,excellent camera
Samsung,"Samsung GC200 Galaxy Camera 2 - 16.3 Megapixel CMOS, 21x Optical Zoom, Android 4.3, WiFi and 4.8-inch Touchscreen LCD Display - White (Certified Refurbished)",20150331,B00R3DGKWY,5,49,50,"on March 31, 2015",ANONYMOUS,I absolutely love this camera and it truly does function and look ...,"I absolutely love this camera and it truly does function and look like it is brand new, rather than refurbished. It takes surprisingly good high-quality pictures and video. It also has a lot of neat things that you can do (like slow down the time so you can get a perfect shot of really fast things- like a humming bird's wings flapping). This camera has a lot of good apps to go along with it to help add special effects to pictures and video; and there are plenty of free apps that you can download from the Play Store. This camera has the Android aspect of it too so it has a lot of the other neat things that come with phones - like notes, weather, google, and a billion other things. On on top of it all, the camera looks so very stylish and neat. Every time I draw it out to take a picture, people look at it with an &#34;I want one&#34; expression (lol) and they're fascinated by the touch-screen button-less appearance and the incredible pictures that come as a result.<br /><br />Love this product a lot and am very satisfied. Fast shipping. Literally like new quality. Functions perfectly. Nicely packaged.<br /><br />Recommendation: Although this camera does come with 8GB of internal storage, you definitely will want to buy a MicroSD card for additional storage. A big chunk of that 8GB is in storage for the camera itself (like hardware or something) and then apps and whatnot can take some too. I don't remember how much GB was left over for the pictures itself (and I'm too lazy to actually look) but I believe it was around 3.5GB, which isn't really enough if you want to conveniently store hundreds of videos and pictures. I used up all this storage after I had taken only about 350 pictures and a few videos shots. Therefore, if you buy this, you will definitely also want to get a MicroSD card - I would recommend a 64 GB Samsung EVO MicroSD card (I got mine for around $35 bucks discounted here on Amazon) but 32 or 16 GB of the same type would work too.<br /><br />(And just a side note: when I was researching a good MicroSD card, be careful of scam products. Some products advertsided 256 GB for like $10- those are scams. The highest a microsd card can hold at this point in time is 128GB (unless you spend several hundred dollars) and those 128GB will usually sell for close to or over $100. The ones that claim 256GB for really cheap prices are actually normal microsd cards that have been hacked to give the appearance that they hold more GB than they really do- they still work but once you reach the &#34;real&#34; limit, your data starts to disappear because you run out of storage. So you might think you have 256GB but in reality you only have a fake hacked 16GB card. So yes- go with trusted brands from trusted sellers and be skeptical of prices that are ridiculously low or microSD cards that offer more than 128GB. )"
Samsung,"Samsung GC200 Galaxy Camera 2 - 16.3 Megapixel CMOS, 21x Optical Zoom, Android 4.3, WiFi and 4.8-inch Touchscreen LCD Display - White (Certified Refurbished)",20150330,B00R3DGKWY,5,1,2,"on March 30, 2015",ANONYMOUS,More thne what I expected,very satisfied - I've just gotten the camera and used it just a little but it seems seems to be quite good - but for more expertise I need about 6 more months - but for now impressed
Samsung,"Samsung GC200 Galaxy Camera 2 - 16.3 Megapixel CMOS, 21x Optical Zoom, Android 4.3, WiFi and 4.8-inch Touchscreen LCD Display - White (Certified Refurbished)",20150329,B00R3DGKWY,5,1,2,"on March 29, 2015",ANONYMOUS,quality camera,"bought for grandson, says takes great pics"
Samsung,"Samsung GC200 Galaxy Camera 2 - 16.3 Megapixel CMOS, 21x Optical Zoom, Android 4.3, WiFi and 4.8-inch Touchscreen LCD Display - White (Certified Refurbished)",20150329,B00R3DGKWY,5,1,2,"on March 29, 2015",ANONYMOUS,The quality of it is excellent and I am looking forward to using it on ...,"Extremely fast shipping! I am loving the camera so far! I have never purchased a refurbished product before, so I wasn't sure what to expect. The quality of it is excellent and I am looking forward to using it on my vacation to Scotland next week."
Samsung,"Samsung GC200 Galaxy Camera 2 - 16.3 Megapixel CMOS, 21x Optical Zoom, Android 4.3, WiFi and 4.8-inch Touchscreen LCD Display - White (Certified Refurbished)",20150326,B00R3DGKWY,5,2,2,"on March 26, 2015",ANONYMOUS,Phone camera on steroids,It's like a phone without GSM and with a better optical zoom lens. Very easy to use.
Samsung,"Samsung GC200 Galaxy Camera 2 - 16.3 Megapixel CMOS, 21x Optical Zoom, Android 4.3, WiFi and 4.8-inch Touchscreen LCD Display - White (Certified Refurbished)",20150326,B00R3DGKWY,5,0,1,"on March 26, 2015",ANONYMOUS,Love it,"Love it ! I bought it refurbished haven't had any issues, I really love it and price was great"
Samsung,"Samsung GC200 Galaxy Camera 2 - 16.3 Megapixel CMOS, 21x Optical Zoom, Android 4.3, WiFi and 4.8-inch Touchscreen LCD Display - White (Certified Refurbished)",20150325,B00R3DGKWY,5,0,1,"on March 25, 2015",ANONYMOUS,Great service and product!,"Received product promptly, is in excellent working order as stated and we love the camera...thank you!"
Samsung,"Samsung GC200 Galaxy Camera 2 - 16.3 Megapixel CMOS, 21x Optical Zoom, Android 4.3, WiFi and 4.8-inch Touchscreen LCD Display - White (Certified Refurbished)",20150323,B00R3DGKWY,5,3,3,"on March 23, 2015",ANONYMOUS,Easy to use,"I bought the Samsung GC200 Galaxy Camera 2 refurbished and so far everything has functioned properly. The item arrived with no imperfections. Easy to use, especially if you already use a Droid device. Very nice"
Samsung,"Samsung GC200 Galaxy Camera 2 - 16.3 Megapixel CMOS, 21x Optical Zoom, Android 4.3, WiFi and 4.8-inch Touchscreen LCD Display - White (Certified Refurbished)",20150322,B00R3DGKWY,5,5,6,"on March 22, 2015",ANONYMOUS,Love the camera,Love the camera. I never used Samsung products before. I am a &#34;Mac&#34; user. Very pleased with the photos I have taken thus far. All my friends who have seen me with this camera love it as well. As a matter of fact I got this camera because a friend of mine had one. I couldn't resist. Do not regret getting this camera at all.
Samsung,"Samsung GC200 Galaxy Camera 2 - 16.3 Megapixel CMOS, 21x Optical Zoom, Android 4.3, WiFi and 4.8-inch Touchscreen LCD Display - White (Certified Refurbished)",20150810,B00R3DGKWY,5,0,0,"on August 10, 2015",ANONYMOUS,Not only is it a good camera but as a tablet she used it to ...,bought this for my wife as a birthday gift as she was getting ready for a mission trip to Monterrey. Not only is it a good camera but as a tablet she used it to keep me informed of her trip via e-mail.
Samsung,"Samsung GC200 Galaxy Camera 2 - 16.3 Megapixel CMOS, 21x Optical Zoom, Android 4.3, WiFi and 4.8-inch Touchscreen LCD Display - White (Certified Refurbished)",20150810,B00R3DGKWY,5,0,0,"on August 10, 2015",ANONYMOUS,Love the camera,"Love the camera! It literally does everything and looks amazing. It said it is refurbished but didn't have any problems with it at all. It was delivered on timw, the pics look amazing,  and the price was astounding! Would definitely recommend buying from the vendor again with prices and quality being way beyond expectations."
Samsung,"Samsung GC200 Galaxy Camera 2 - 16.3 Megapixel CMOS, 21x Optical Zoom, Android 4.3, WiFi and 4.8-inch Touchscreen LCD Display - White (Certified Refurbished)",20150809,B00R3DGKWY,5,0,0,"on August 9, 2015",ANONYMOUS,Great compact camera,Started looking for a camera I  liked with a good  zoom lens 5 years ago. This camera is exactly what I  was looking for. Glad I  waited. Love this camera!
Samsung,"Samsung GC200 Galaxy Camera 2 - 16.3 Megapixel CMOS, 21x Optical Zoom, Android 4.3, WiFi and 4.8-inch Touchscreen LCD Display - White (Certified Refurbished)",20150809,B00R3DGKWY,5,0,0,"on August 9, 2015",ANONYMOUS,excellent resolution! Wi-fi access was not necessarily a feature ...,"A few more features than I wanted, but discovered that it is a powerful camera, excellent resolution!  Wi-fi access was not necessarily a feature I was looking for, but I've definitely found some use for it!  There was a learning curve compared to my previous camera, but liking it<br />more and more!  Still learning/exploring!"
Samsung,"Samsung GC200 Galaxy Camera 2 - 16.3 Megapixel CMOS, 21x Optical Zoom, Android 4.3, WiFi and 4.8-inch Touchscreen LCD Display - White (Certified Refurbished)",20150809,B00R3DGKWY,4,0,0,"on August 9, 2015",ANONYMOUS,Four Stars,Great camera very awesome pictures
Samsung,"Samsung GC200 Galaxy Camera 2 - 16.3 Megapixel CMOS, 21x Optical Zoom, Android 4.3, WiFi and 4.8-inch Touchscreen LCD Display - White (Certified Refurbished)",20150808,B00R3DGKWY,5,0,0,"on August 8, 2015",ANONYMOUS,A+,Awesome camera!!!! Lots of features that I will need to learn how of use..Uploading to internet is a breezy!!!
Samsung,"Samsung GC200 Galaxy Camera 2 - 16.3 Megapixel CMOS, 21x Optical Zoom, Android 4.3, WiFi and 4.8-inch Touchscreen LCD Display - White (Certified Refurbished)",20150807,B00R3DGKWY,5,0,0,"on August 7, 2015",ANONYMOUS,"Sync photos and HD videos over WiFi, don't even need a mSD card.",Excellent camera for the price. Android system is a plus. Use Googles Photos to sync and backup unlimited photos (up to 16MP) and HD videos (up to 1080p). Delete all media after syncing over WiFi. I've been using it for months. Don't even need to buy a micro SD card.
Samsung,"Samsung GC200 Galaxy Camera 2 - 16.3 Megapixel CMOS, 21x Optical Zoom, Android 4.3, WiFi and 4.8-inch Touchscreen LCD Display - White (Certified Refurbished)",20150806,B00R3DGKWY,5,0,0,"on August 6, 2015",ANONYMOUS,I truly recommened this user..,I really admire the company that respects the customer.. Good prices and fast delivery to distinations are the quality I need in my life.. Thanks guys..
Samsung,"Samsung GC200 Galaxy Camera 2 - 16.3 Megapixel CMOS, 21x Optical Zoom, Android 4.3, WiFi and 4.8-inch Touchscreen LCD Display - White (Certified Refurbished)",20150804,B00R3DGKWY,4,1,1,"on August 4, 2015",ANONYMOUS,"Such an awesome camera, I never had an android so this ...","Such an awesome camera, I never had an android so this is new to me, Iphone user, I found an app that works great. I'll have to read and learn by trial and error."
Samsung,"Samsung GC200 Galaxy Camera 2 - 16.3 Megapixel CMOS, 21x Optical Zoom, Android 4.3, WiFi and 4.8-inch Touchscreen LCD Display - White (Certified Refurbished)",20150803,B00R3DGKWY,5,0,0,"on August 3, 2015",ANONYMOUS,Best camera EVER!!,"Love it...best camera I have had in a long time....takes a while to get used to all the instructions, but not difficult if you're only using for<br />photos...Photos come out great!"
